{
  "name": "raceASS",
  "description": "2026 ve sonrası için modern, mobil öncelikli F1 ve MotoGP yarış takvimi uygulaması.",
  "short_name": "raceASS",
  "start_url": "/",
  "display": "standalone",
  "background_color": "#020617",
  "theme_color": "#020617",
  "icons": [
    {
      "src": "https://picsum.photos/192/192",
      "sizes": "192x192",
      "type": "image/png"
    },
    {
      "src": "https://picsum.photos/512/512",
      "sizes": "512x512",
      "type": "image/png"
    }
  ],
  "requestFramePermissions": []
}